recipe_name,ingredients,steps
"Grilled Chicken Salad","chicken breast, lettuce, cucumber, tomato, olive oil, lemon, salt, pepper","1. Grill the chicken breast until cooked through. 2. Chop lettuce, cucumber, and tomato. 3. Mix the vegetables in a bowl and add olive oil, lemon juice, salt, and pepper. 4. Slice the grilled chicken and place it on top of the salad."
"Spaghetti Bolognese","ground beef, spaghetti, onion, tomato, garlic, olive oil, salt, pepper","1. Cook spaghetti according to package instructions. 2. Heat olive oil in a pan, sauté chopped onion and garlic. 3. Add ground beef and cook until browned. 4. Add chopped tomatoes, salt, and pepper. Simmer for 10 minutes. 5. Serve the sauce over the spaghetti."
"Vegetable Stir Fry","broccoli, bell pepper, carrot, onion, garlic, soy sauce, olive oil, ginger","1. Heat olive oil in a wok. 2. Sauté chopped onion, garlic, and ginger. 3. Add chopped broccoli, bell pepper, and carrot. 4. Stir fry for 5 minutes. 5. Add soy sauce and cook for another 2 minutes. Serve hot."
"Fruit Salad","apple, banana, orange, grapes, honey, lemon","1. Chop apple, banana, and orange into small pieces. 2. Peel grapes. 3. Mix all fruits in a bowl. 4. Drizzle honey and lemon juice on top. Stir well."
"Beef Tacos","ground beef, taco shell, lettuce, tomato, onion, cheese, sour cream","1. Cook ground beef in a pan with seasonings. 2. Chop lettuce, tomato, and onion. 3. Fill taco shells with beef, then top with lettuce, tomato, onion, cheese, and sour cream."
"Egg Salad","egg, mayonnaise, mustard, celery, onion, salt, pepper","1. Boil eggs and chop them. 2. Mix chopped eggs with mayonnaise, mustard, chopped celery, and onion. 3. Season with salt and pepper. Serve chilled."
"Chicken Stir Fry","chicken breast, bell pepper, onion, garlic, soy sauce, olive oil","1. Slice chicken into thin strips. 2. Heat olive oil in a pan and sauté garlic and onion. 3. Add chicken and cook until browned. 4. Add chopped bell pepper and soy sauce. Stir fry until vegetables are tender."
"Caesar Salad","lettuce, chicken breast, croutons, Caesar dressing, parmesan cheese","1. Grill the chicken breast and slice it. 2. Toss lettuce with Caesar dressing. 3. Add sliced chicken, croutons, and parmesan cheese on top."
"Cheese Omelette","egg, cheddar cheese, salt, pepper","1. Crack eggs into a bowl and whisk. 2. Heat a pan and pour the eggs. 3. Add shredded cheddar cheese and cook until eggs are set. Season with salt and pepper."
"Chicken Curry","chicken breast, onion, garlic, curry powder, coconut milk, rice","1. Cook chicken in a pan until browned. 2. Sauté onion and garlic. 3. Add curry powder and cook for 1 minute. 4. Pour in coconut milk and simmer. 5. Serve with rice."
"Veggie Wrap","whole wheat wrap, lettuce, tomato, cucumber, avocado, hummus","1. Spread hummus on the wrap. 2. Layer lettuce, tomato, cucumber, and avocado on top. 3. Roll up the wrap and serve."
"Apple Pie","apple, sugar, butter, cinnamon, pie crust","1. Peel and slice apples. 2. Mix apples with sugar and cinnamon. 3. Place in pie crust, add butter on top, and cover with another pie crust. 4. Bake at 350°F for 45 minutes."
"Grilled Cheese Sandwich","bread, cheddar cheese, butter","1. Butter one side of two slices of bread. 2. Place cheese between slices and grill in a pan until golden brown."
"Fried Rice","rice, egg, peas, carrot, onion, soy sauce","1. Cook rice and set aside. 2. Scramble an egg in a pan. 3. Add peas, chopped carrot, and onion to the pan. 4. Add rice and soy sauce. Stir fry for 5 minutes."
"Beef Stew","beef, carrot, potato, onion, garlic, beef broth, salt, pepper","1. Brown beef in a pot. 2. Add chopped onion, garlic, carrot, and potato. 3. Pour in beef broth, salt, and pepper. 4. Simmer for 1 hour until tender."
"Pasta Primavera","spaghetti, bell pepper, zucchini, tomato, garlic, olive oil","1. Cook spaghetti according to package instructions. 2. Sauté garlic in olive oil. 3. Add chopped bell pepper, zucchini, and tomato. 4. Toss with spaghetti and serve."
"Chicken Parmesan","chicken breast, breadcrumbs, marinara sauce, mozzarella cheese, spaghetti","1. Coat chicken in breadcrumbs and fry. 2. Top with marinara sauce and mozzarella cheese. 3. Bake until cheese melts. Serve with spaghetti."
"Tomato Soup","tomato, onion, garlic, vegetable broth, salt, pepper","1. Sauté onion and garlic in a pot. 2. Add chopped tomatoes and vegetable broth. 3. Simmer for 20 minutes and blend until smooth. 4. Season with salt and pepper."
"Chili","ground beef, tomato, onion, garlic, kidney beans, chili powder, salt, pepper","1. Brown ground beef in a pot. 2. Add chopped onion, garlic, tomatoes, and beans. 3. Add chili powder, salt, and pepper. Simmer for 30 minutes."
"Fish Tacos","fish fillet, taco shell, cabbage, lime, sour cream","1. Cook fish fillets. 2. Shred cabbage and toss with lime juice. 3. Fill taco shells with fish, cabbage, and sour cream."
"Avocado Toast","bread, avocado, lemon, salt, pepper","1. Toast the bread. 2. Mash avocado and mix with lemon juice, salt, and pepper. 3. Spread the mixture on the toast."
"Pancakes","flour, egg, milk, sugar, butter","1. Mix flour, sugar, eggs, and milk to make batter. 2. Heat a pan and pour in the batter. 3. Cook until golden brown on both sides."
"Banana Bread","banana, flour, sugar, butter, egg, baking soda","1. Mash bananas. 2. Mix with flour, sugar, butter, egg, and baking soda. 3. Pour into a loaf pan and bake at 350°F for 60 minutes."
"Chicken Soup","chicken, carrot, onion, celery, garlic, chicken broth","1. Cook chicken in a pot. 2. Add chopped carrot, onion, celery, and garlic. 3. Pour in chicken broth and simmer for 30 minutes."
"Beef Burgers","ground beef, hamburger bun, lettuce, tomato, onion, cheese","1. Shape ground beef into patties and cook on a grill. 2. Toast hamburger buns. 3. Assemble burgers with lettuce, tomato, onion, cheese."
"Vegetarian Chili","kidney beans, tomato, onion, garlic, chili powder, bell pepper","1. Sauté onion, garlic, and bell pepper. 2. Add beans, tomatoes, and chili powder. 3. Simmer for 30 minutes."
"Lasagna","pasta, ground beef, tomato sauce, mozzarella cheese, ricotta cheese","1. Layer cooked pasta, ground beef, tomato sauce, ricotta, and mozzarella in a baking dish. 2. Bake at 375°F for 40 minutes."
"Potato Salad","potato, mayonnaise, mustard, egg, celery, salt, pepper","1. Boil potatoes and eggs. 2. Chop potatoes, eggs, and celery. 3. Mix with mayonnaise, mustard, salt, and pepper."
"BBQ Ribs","pork ribs, BBQ sauce, salt, pepper","1. Rub pork ribs with salt and pepper. 2. Grill or bake until tender. 3. Coat with BBQ sauce and cook for an additional 10 minutes."
"Grilled Veggies","zucchini, bell pepper, onion, olive oil, salt, pepper","1. Slice vegetables. 2. Toss with olive oil, salt, and pepper. 3. Grill until tender."
"Chicken Fajitas","chicken breast, bell pepper, onion, tortilla, sour cream","1. Slice chicken and vegetables. 2. Sauté with seasoning. 3. Serve in tortillas with sour cream."
"Salmon Fillet","salmon, olive oil, lemon, salt, pepper","1. Coat salmon with olive oil, lemon, salt, and pepper. 2. Bake at 400°F for 20 minutes."
"Pumpkin Pie","pumpkin, sugar, cinnamon, nutmeg, pie crust","1. Mix pumpkin puree with sugar and spices. 2. Fill pie crust with mixture and bake at 350°F for 45 minutes."
"Beef Kebabs","beef, bell pepper, onion, skewers, olive oil, salt, pepper","1. Cut beef and vegetables into chunks. 2. Skewer them and brush with olive oil, salt, and pepper. 3. Grill until cooked."
"Chicken Quesadilla","chicken breast, cheese, tortilla, onion, bell pepper","1. Cook and shred chicken. 2. Sauté onion and bell pepper. 3. Fill tortillas with chicken, cheese, and vegetables. Grill until golden."
"Tomato Basil Soup","tomato, basil, garlic, onion, vegetable broth, olive oil, salt, pepper","1. Sauté garlic and onion in olive oil. 2. Add chopped tomatoes and vegetable broth. 3. Simmer for 20 minutes. 4. Blend until smooth and season with salt and pepper."
"Greek Salad","cucumber, tomato, onion, feta cheese, olives, olive oil, lemon, oregano","1. Chop cucumber, tomato, and onion. 2. Mix with olives and crumbled feta cheese. 3. Drizzle with olive oil and lemon juice. 4. Sprinkle with oregano and serve."
"Chicken Alfredo","chicken breast, fettuccine, cream, garlic, parmesan cheese, butter, salt, pepper","1. Cook fettuccine according to package instructions. 2. Cook chicken breast and slice it. 3. Heat butter in a pan, sauté garlic, then add cream and parmesan cheese. 4. Toss pasta and chicken in the sauce."
"Shrimp Scampi","shrimp, garlic, butter, lemon, spaghetti, parsley, salt, pepper","1. Cook spaghetti according to package instructions. 2. Sauté garlic and shrimp in butter until shrimp are pink. 3. Add lemon juice, parsley, salt, and pepper. 4. Toss with spaghetti and serve."
"Beef and Broccoli Stir Fry","beef, broccoli, soy sauce, garlic, onion, ginger, sesame oil","1. Slice beef thinly. 2. Sauté garlic, onion, and ginger in sesame oil. 3. Add beef and cook until browned. 4. Add broccoli and soy sauce, stir fry for 5 minutes."
"Chicken Tikka Masala","chicken breast, onion, garlic, ginger, curry powder, tomato, coconut milk, rice","1. Cook chicken until browned. 2. Sauté onion, garlic, and ginger in a pan. 3. Add curry powder and cook for 1 minute. 4. Add chopped tomato and coconut milk. Simmer for 15 minutes. 5. Serve with rice."
"Vegetable Soup","carrot, potato, onion, celery, garlic, vegetable broth, salt, pepper","1. Sauté onion, garlic, and celery in olive oil. 2. Add chopped carrots, potatoes, and vegetable broth. 3. Simmer for 30 minutes and season with salt and pepper."
"Eggplant Parmesan","eggplant, marinara sauce, mozzarella cheese, parmesan cheese, breadcrumbs, olive oil","1. Slice eggplant and bread it with breadcrumbs. 2. Fry the eggplant slices in olive oil. 3. Layer fried eggplant with marinara sauce and cheeses. 4. Bake at 375°F for 30 minutes."
"Salad Wrap","lettuce, tomato, cucumber, hummus, whole wheat wrap, avocado","1. Spread hummus on the wrap. 2. Layer lettuce, tomato, cucumber, and avocado. 3. Roll up the wrap and serve."
"BBQ Chicken Pizza","chicken breast, pizza dough, BBQ sauce, mozzarella cheese, red onion, cilantro","1. Cook chicken and shred it. 2. Spread BBQ sauce on pizza dough. 3. Top with chicken, mozzarella cheese, red onion, and cilantro. 4. Bake at 400°F for 15 minutes."
"Sweet Potato Fries","sweet potato, olive oil, salt, pepper","1. Slice sweet potatoes into fries. 2. Toss with olive oil, salt, and pepper. 3. Bake at 425°F for 20-25 minutes."
"Chicken Fettuccine","chicken breast, fettuccine, cream, parmesan cheese, garlic, butter, salt, pepper","1. Cook fettuccine according to package instructions. 2. Cook chicken and slice it. 3. Heat butter in a pan, sauté garlic, then add cream and parmesan cheese. 4. Toss pasta and chicken in the sauce."
"Grilled Shrimp Skewers","shrimp, olive oil, garlic, lemon, salt, pepper, skewers","1. Marinate shrimp in olive oil, garlic, lemon, salt, and pepper. 2. Skewer the shrimp. 3. Grill until pink."
"Tofu Stir Fry","tofu, bell pepper, onion, garlic, soy sauce, sesame oil","1. Cut tofu into cubes and sauté in sesame oil. 2. Add chopped bell pepper and onion, sauté for 5 minutes. 3. Add soy sauce and stir fry for another 2 minutes."
"Turkey Sandwich","turkey breast, bread, lettuce, tomato, mayonnaise, mustard","1. Layer turkey breast, lettuce, tomato, mayonnaise, and mustard between two slices of bread."
"Spicy Tuna Roll","tuna, nori, sushi rice, cucumber, soy sauce, wasabi","1. Spread sushi rice on nori. 2. Add tuna and cucumber, roll up the sushi. 3. Serve with soy sauce and wasabi."
"Peach Cobbler","peach, sugar, butter, flour, cinnamon, baking powder","1. Slice peaches and place in a baking dish. 2. Mix flour, sugar, cinnamon, and baking powder. 3. Pour over peaches and add butter. 4. Bake at 375°F for 40 minutes."
"Chickpea Salad","chickpeas, cucumber, tomato, red onion, olive oil, lemon, parsley","1. Rinse chickpeas and chop cucumber, tomato, and onion. 2. Mix all ingredients together. 3. Drizzle with olive oil and lemon juice, sprinkle with parsley."
"Pork Schnitzel","pork, breadcrumbs, egg, flour, salt, pepper, olive oil","1. Coat pork in flour, dip in beaten egg, and coat with breadcrumbs. 2. Fry in olive oil until golden brown."
"Spinach Salad","spinach, feta cheese, walnuts, balsamic vinaigrette","1. Toss spinach with feta cheese, walnuts, and balsamic vinaigrette."
"Chocolate Cake","flour, sugar, cocoa powder, butter, eggs, vanilla, baking powder","1. Mix flour, cocoa powder, sugar, and baking powder. 2. Add eggs, butter, and vanilla. 3. Bake at 350°F for 30 minutes."
"Mushroom Risotto","rice, mushroom, onion, garlic, vegetable broth, parmesan cheese, butter","1. Sauté onion and garlic in butter. 2. Add rice and cook for 2 minutes. 3. Slowly add vegetable broth and cook until rice is tender. 4. Stir in mushrooms and parmesan cheese."
"Crispy Chicken Tenders","chicken breast, breadcrumbs, egg, flour, salt, pepper, olive oil","1. Coat chicken strips in flour, dip in egg, and coat with breadcrumbs. 2. Fry in olive oil until golden brown."
"Zucchini Noodles","zucchini, olive oil, garlic, parmesan cheese","1. Spiralize zucchini into noodles. 2. Sauté garlic in olive oil. 3. Add zucchini noodles and cook for 3 minutes. 4. Sprinkle with parmesan cheese."
"Vegetable Curry","carrot, potato, onion, garlic, curry powder, coconut milk, spinach","1. Sauté onion, garlic, and curry powder. 2. Add chopped carrots, potatoes, and coconut milk. 3. Simmer for 20 minutes. 4. Add spinach and cook until wilted."
"Falafel","chickpeas, garlic, onion, parsley, cumin, coriander, flour","1. Blend chickpeas, garlic, onion, parsley, cumin, and coriander. 2. Form into balls and coat in flour. 3. Fry until golden brown."
"Salmon Salad","salmon, lettuce, cucumber, avocado, olive oil, lemon, dill","1. Grill salmon and flake into pieces. 2. Toss lettuce, cucumber, and avocado in olive oil and lemon juice. 3. Add salmon and sprinkle with dill."
"Stuffed Bell Peppers","bell pepper, ground beef, rice, onion, tomato, cheese","1. Cook rice and brown ground beef. 2. Mix with chopped onion, tomato, and cheese. 3. Stuff bell peppers and bake at 375°F for 30 minutes."
"Caprese Salad","tomato, mozzarella cheese, basil, olive oil, balsamic vinegar","1. Slice tomatoes and mozzarella cheese. 2. Arrange on a plate with basil leaves. 3. Drizzle with olive oil and balsamic vinegar."
"Beef Tenders","beef, soy sauce, garlic, ginger, honey, sesame oil","1. Marinate beef in soy sauce, garlic, ginger, honey, and sesame oil. 2. Sauté beef until cooked through."
"Ratatouille","eggplant, zucchini, bell pepper, tomato, onion, garlic, olive oil, thyme","1. Sauté onion and garlic in olive oil. 2. Layer sliced eggplant, zucchini, bell pepper, and tomato in a baking dish. 3. Drizzle with olive oil, sprinkle with thyme, and bake at 375°F for 45 minutes."
"Shakshuka","egg, tomato, bell pepper, onion, garlic, cumin, paprika","1. Sauté onion, garlic, bell pepper, cumin, and paprika. 2. Add chopped tomatoes and simmer. 3. Crack eggs into the sauce and cook until set."
"Beef Stroganoff","beef, onion, mushroom, garlic, sour cream, beef broth, egg noodles","1. Sauté beef, onion, and garlic. 2. Add mushrooms and cook until tender. 3. Pour in beef broth and simmer. 4. Stir in sour cream and serve over egg noodles."
"Apple Pie","apple, sugar, flour, butter, cinnamon","1. Preheat oven to 375°F. 2. Mix sliced apples with sugar, flour, and cinnamon. 3. Place in pie crust and dot with butter. 4. Cover with top crust and bake for 50 minutes."
"Banana Smoothie","banana, milk, yogurt, honey","1. Blend banana, milk, yogurt, and honey until smooth. 2. Serve chilled."
"Orange Chicken","chicken, orange juice, soy sauce, garlic, ginger","1. Marinate chicken in orange juice, soy sauce, garlic, and ginger. 2. Cook chicken in a pan until done."
"Pear Salad","pear, lettuce, walnut, blue cheese, balsamic vinegar","1. Toss sliced pear, lettuce, walnut, and blue cheese. 2. Drizzle with balsamic vinegar."
"Peach Cobbler","peach, sugar, flour, butter, baking powder","1. Preheat oven to 375°F. 2. Mix sliced peaches with sugar. 3. Combine flour, sugar, baking powder, and butter to make topping. 4. Place peaches in baking dish and cover with topping. 5. Bake for 45 minutes."
"Strawberry Shortcake","strawberry, flour, sugar, butter, cream","1. Preheat oven to 375°F. 2. Mix flour, sugar, and butter to make shortcake dough. 3. Bake shortcakes for 20 minutes. 4. Serve with sliced strawberries and whipped cream."
"Grape Salad","grape, cream cheese, sour cream, sugar, pecan","1. Mix cream cheese, sour cream, and sugar. 2. Fold in grapes and top with pecans."
"Pineapple Fried Rice","pineapple, rice, onion, garlic, soy sauce","1. Sauté onion and garlic. 2. Add rice and soy sauce. 3. Stir in pineapple chunks."
"Watermelon Salad","watermelon, feta cheese, mint, olive oil","1. Toss watermelon cubes with feta cheese and mint. 2. Drizzle with olive oil."
"Cantaloupe Soup","cantaloupe, yogurt, honey, mint","1. Blend cantaloupe, yogurt, and honey until smooth. 2. Serve chilled with mint garnish."
"Lemon Chicken","chicken, lemon, garlic, olive oil, thyme","1. Marinate chicken in lemon juice, garlic, olive oil, and thyme. 2. Bake at 375°F for 30 minutes."
"Lime Shrimp","shrimp, lime, garlic, cilantro, olive oil","1. Marinate shrimp in lime juice, garlic, and cilantro. 2. Sauté shrimp in olive oil until cooked."
"Cherry Tart","cherry, flour, sugar, butter, almond extract","1. Preheat oven to 375°F. 2. Mix flour, sugar, and butter to make tart crust. 3. Fill with cherries and bake for 30 minutes."
"Blueberry Muffins","blueberry, flour, sugar, butter, baking powder","1. Preheat oven to 375°F. 2. Mix flour, sugar, baking powder, and butter. 3. Fold in blueberries and bake in muffin tin for 20 minutes."
"Kiwi Sorbet","kiwi, sugar, water, lemon juice","1. Blend kiwi, sugar, water, and lemon juice. 2. Freeze until firm."
"Mango Salsa","mango, tomato, onion, cilantro, lime","1. Mix diced mango, tomato, onion, and cilantro. 2. Drizzle with lime juice."
"Papaya Salad","papaya, carrot, lime, fish sauce, chili","1. Shred papaya and carrot. 2. Toss with lime juice, fish sauce, and chili."
"Avocado Toast","avocado, bread, olive oil, salt, pepper","1. Mash avocado and spread on toasted bread. 2. Drizzle with olive oil and season with salt and pepper."
"Pomegranate Salad","pomegranate, spinach, walnut, feta cheese, balsamic vinegar","1. Toss pomegranate seeds, spinach, walnut, and feta cheese. 2. Drizzle with balsamic vinegar."
"Plum Tart","plum, flour, sugar, butter, almond extract","1. Preheat oven to 375°F. 2. Mix flour, sugar, and butter to make tart crust. 3. Fill with sliced plums and bake for 30 minutes."
"Apricot Chicken","chicken, apricot, soy sauce, garlic, ginger","1. Marinate chicken in apricot jam, soy sauce, garlic, and ginger. 2. Bake at 375°F for 30 minutes."
"Fig Salad","fig, arugula, goat cheese, walnut, balsamic vinegar","1. Toss sliced fig, arugula, goat cheese, and walnut. 2. Drizzle with balsamic vinegar."
"Carrot Soup","carrot, onion, garlic, ginger, vegetable broth","1. Sauté onion, garlic, and ginger. 2. Add carrots and vegetable broth. 3. Simmer until carrots are tender and blend until smooth."
"Broccoli Stir Fry","broccoli, garlic, soy sauce, sesame oil, ginger","1. Sauté garlic and ginger. 2. Add broccoli and soy sauce. 3. Drizzle with sesame oil."
"Spinach Quiche","spinach, egg, cheese, milk, pie crust","1. Preheat oven to 375°F. 2. Mix spinach, egg, cheese, and milk. 3. Pour into pie crust and bake for 30 minutes."
"Potato Gratin","potato, cream, cheese, garlic, thyme","1. Preheat oven to 375°F. 2. Layer sliced potatoes with cream, cheese, garlic, and thyme. 3. Bake for 45 minutes."
"Onion Soup","onion, beef broth, butter, thyme, bread","1. Sauté onions in butter until caramelized. 2. Add beef broth and thyme. 3. Serve with toasted bread."
"Tomato Basil Pasta","tomato, basil, garlic, olive oil, pasta","1. Sauté garlic in olive oil. 2. Add tomatoes and basil. 3. Toss with cooked pasta."
"Cucumber Salad","cucumber, vinegar, sugar, dill, salt","1. Slice cucumber and toss with vinegar, sugar, dill, and salt."
"Lettuce Wraps","lettuce, chicken, soy sauce, garlic, ginger","1. Sauté chicken with soy sauce, garlic, and ginger. 2. Serve in lettuce leaves."
"Bell Pepper Stir Fry","bell pepper, onion, garlic, soy sauce, sesame oil","1. Sauté onion and garlic. 2. Add bell peppers and soy sauce. 3. Drizzle with sesame oil."
"Garlic Bread","bread, garlic, butter, parsley, parmesan cheese","1. Mix butter, garlic, parsley, and parmesan cheese. 2. Spread on bread and bake at 375°F for 10 minutes."
"Zucchini Bread","zucchini, flour, sugar, egg, baking powder","1. Preheat oven to 375°F. 2. Mix flour, sugar, egg, and baking powder. 3. Fold in grated zucchini and bake for 45 minutes."
"Cabbage Rolls","cabbage, ground beef, rice, onion, tomato sauce","1. Mix ground beef, rice, and onion. 2. Roll in cabbage leaves and bake with tomato sauce at 375°F for 45 minutes."
"Asparagus Soup","asparagus, onion, garlic, vegetable broth, cream","1. Sauté onion and garlic. 2. Add asparagus and vegetable broth. 3. Simmer until asparagus is tender and blend until smooth. 4. Stir in cream."
"Mushroom Risotto","mushroom, rice, onion, garlic, parmesan cheese","1. Sauté onion and garlic. 2. Add rice and cook until translucent. 3. Add mushrooms and broth gradually, stirring constantly. 4. Stir in parmesan cheese."
"Eggplant Parmesan","eggplant, tomato sauce, mozzarella cheese, parmesan cheese, bread crumbs","1. Preheat oven to 375°F. 2. Bread and fry eggplant slices. 3. Layer with tomato sauce and cheese. 4. Bake for 30 minutes."
"Sweet Potato Fries","sweet potato, olive oil, salt, pepper","1. Preheat oven to 425°F. 2. Toss sweet potato wedges with olive oil, salt, and pepper. 3. Bake for 25 minutes."
"Beetroot Salad","beetroot, goat cheese, walnut, arugula, balsamic vinegar","1. Toss roasted beetroot, goat cheese, walnut, and arugula. 2. Drizzle with balsamic vinegar."
"Pea Soup","peas, onion, garlic, vegetable broth, mint","1. Sauté onion and garlic. 2. Add peas and vegetable broth. 3. Simmer until peas are tender and blend until smooth. 4. Stir in mint."
"Cauliflower Rice","cauliflower, garlic, olive oil, salt, pepper","1. Grate cauliflower into rice-sized pieces. 2. Sauté garlic in olive oil. 3. Add cauliflower and cook until tender. 4. Season with salt and pepper."
"Rice Pudding","rice, milk, sugar, vanilla, cinnamon","1. Cook rice with milk, sugar, and vanilla. 2. Simmer until thickened. 3. Sprinkle with cinnamon."
"Wheat Bread","wheat flour, yeast, water, salt, sugar","1. Mix wheat flour, yeast, water, salt, and sugar. 2. Knead dough and let rise. 3. Bake at 375°F for 30 minutes."
"Oatmeal Cookies","oats, flour, sugar, butter, egg","1. Preheat oven to 375°F. 2. Mix oats, flour, sugar, butter, and egg. 3. Drop spoonfuls onto baking sheet and bake for 10 minutes."
"Cornbread","cornmeal, flour, sugar, egg, milk","1. Preheat oven to 375°F. 2. Mix cornmeal, flour, sugar, egg, and milk. 3. Pour into baking dish and bake for 25 minutes."
"Barley Soup","barley, carrot, onion, celery, vegetable broth","1. Sauté carrot, onion, and celery. 2. Add barley and vegetable broth. 3. Simmer until barley is tender."
"Quinoa Salad","quinoa, cucumber, tomato, feta cheese, olive oil","1. Cook quinoa and let cool. 2. Toss with cucumber, tomato, feta cheese, and olive oil."
"Buckwheat Pancakes","buckwheat flour, egg, milk, baking powder, sugar","1. Mix buckwheat flour, egg, milk, baking powder, and sugar. 2. Cook on griddle until bubbles form and edges are dry."
"Almond Cookies","almond flour, sugar, egg, butter, vanilla","1. Preheat oven to 375°F. 2. Mix almond flour, sugar, egg, butter, and vanilla. 3. Drop spoonfuls onto baking sheet and bake for 10 minutes."
"Walnut Brownies","walnut, flour, sugar, butter, cocoa powder","1. Preheat oven to 350°F. 2. Mix flour, sugar, butter, and cocoa powder. 3. Fold in walnuts and bake for 25 minutes."
"Cashew Chicken","chicken, cashew, soy sauce, garlic, ginger","1. Sauté chicken with soy sauce, garlic, and ginger. 2. Add cashews and cook until chicken is done."
"Peanut Butter Cookies","peanut butter, sugar, egg, flour, baking powder","1. Preheat oven to 375°F. 2. Mix peanut butter, sugar, egg, flour, and baking powder. 3. Drop spoonfuls onto baking sheet and bake for 10 minutes."
"Hazelnut Spread","hazelnut, cocoa powder, sugar, vanilla, milk","1. Blend hazelnuts until smooth. 2. Add cocoa powder, sugar, vanilla, and milk. 3. Blend until creamy."
"Chia Pudding","chia seeds, milk, honey, vanilla","1. Mix chia seeds, milk, honey, and vanilla. 2. Refrigerate until thickened."
"Sunflower Seed Granola","sunflower seeds, oats, honey, coconut oil, dried fruit","1. Mix sunflower seeds, oats, honey, and coconut oil. 2. Bake at 300°F for 25 minutes. 3. Stir in dried fruit."
"Flaxseed Crackers","flaxseed, water, salt, garlic powder","1. Mix flaxseed, water, salt, and garlic powder. 2. Spread on baking sheet and bake at 300°F for 20 minutes."
"Chicken Alfredo","chicken, pasta, cream, parmesan cheese, garlic","1. Sauté chicken and garlic. 2. Add cream and parmesan cheese. 3. Toss with cooked pasta."
"Beef Tacos","beef, taco seasoning, tortilla, lettuce, tomato","1. Cook beef with taco seasoning. 2. Serve in tortillas with lettuce and tomato."
"Pork Chops","pork, garlic, rosemary, olive oil, salt","1. Marinate pork chops in garlic, rosemary, olive oil, and salt. 2. Bake at 375°F for 25 minutes."
"Lamb Stew","lamb, potato, carrot, onion, garlic, beef broth","1. Sauté lamb, onion, and garlic. 2. Add potato, carrot, and beef broth. 3. Simmer until lamb is tender."
"Turkey Sandwich","turkey, bread, lettuce, tomato, mayonnaise","1. Layer turkey, lettuce, and tomato on bread. 2. Spread with mayonnaise."
"Duck Confit","duck, garlic, thyme, salt, olive oil","1. Marinate duck in garlic, thyme, and salt. 2. Cook in olive oil at low temperature until tender."
"Salmon Teriyaki","salmon, soy sauce, sugar, garlic, ginger","1. Marinate salmon in soy sauce, sugar, garlic, and ginger. 2. Bake at 375°F for 20 minutes."
"Tuna Salad","tuna, mayonnaise, celery, onion, lemon juice","1. Mix tuna, mayonnaise, celery, onion, and lemon juice."
"Shrimp Scampi","shrimp, garlic, butter, lemon, parsley","1. Sauté shrimp and garlic in butter. 2. Add lemon juice and parsley."
"Lobster Bisque","lobster, cream, onion, garlic, tomato paste","1. Sauté onion and garlic. 2. Add lobster and tomato paste. 3. Stir in cream and simmer."
"Crab Cakes","crab, bread crumbs, egg, mayonnaise, mustard","1. Mix crab, bread crumbs, egg, mayonnaise, and mustard. 2. Form into cakes and fry until golden."
"Oyster Rockefeller","oyster, spinach, butter, garlic, parmesan cheese","1. Sauté spinach and garlic in butter. 2. Top oysters with spinach mixture and parmesan cheese. 3. Bake at 375°F for 10 minutes."
"Clam Chowder","clams, potato, onion, celery, cream","1. Sauté onion and celery. 2. Add clams, potato, and cream. 3. Simmer until potatoes are tender."
"Squid Ink Pasta","squid, pasta, garlic, olive oil, squid ink","1. Sauté squid and garlic in olive oil. 2. Add squid ink and toss with cooked pasta."
"Octopus Salad","octopus, potato, olive oil, lemon, parsley","1. Cook octopus and potato. 2. Toss with olive oil, lemon, and parsley."
"Milkshake","milk, ice cream, sugar, vanilla","1. Blend milk, ice cream, sugar, and vanilla until smooth."
"Cheese Fondue","cheese, white wine, garlic, cornstarch, bread","1. Melt cheese with white wine and garlic. 2. Stir in cornstarch. 3. Serve with bread."
"Yogurt Parfait","yogurt, granola, honey, berries","1. Layer yogurt, granola, honey, and berries in a glass."
"Butter Cookies","butter, flour, sugar, egg, vanilla","1. Preheat oven to 375°F. 2. Mix butter, flour, sugar, egg, and vanilla. 3. Drop spoonfuls onto baking sheet and bake for 10 minutes."
"Cream Puffs","cream, flour, butter, egg, sugar","1. Preheat oven to 375°F. 2. Mix flour, butter, and egg to make dough. 3. Bake puffs for 20 minutes. 4. Fill with whipped cream."
"Egg Salad","egg, mayonnaise, mustard, celery, onion","1. Mix chopped egg, mayonnaise, mustard, celery, and onion."
"Tofu Stir Fry","tofu, soy sauce, garlic, ginger, broccoli","1. Sauté tofu with soy sauce, garlic, and ginger. 2. Add broccoli and cook until tender."
"Honey Glazed Carrots","carrot, honey, butter, salt, pepper","1. Sauté carrots in butter. 2. Drizzle with honey and season with salt and pepper."
"Olive Oil Cake","olive oil, flour, sugar, egg, lemon zest","1. Preheat oven to 375°F. 2. Mix olive oil, flour, sugar, egg, and lemon zest. 3. Bake for 30 minutes."
"Coconut Oil Granola","coconut oil, oats, honey, nuts, dried fruit","1. Mix coconut oil, oats, honey, and nuts. 2. Bake at 300°F for 25 minutes. 3. Stir in dried fruit."